feature,importance
IsActiveMember,-0.5036720499443698
CreditScore,-0.31412764154780926
Geography_Germany,0.2269206794519427
Age,0.17907305213230404
HasCrCard,-0.12543760200396178
Balance,0.10008332673035476
NumOfProducts,-0.08697504923944213
Tenure,-0.08006229968151787
Gender_Male,-0.03972210154952531
Geography_Spain,0.03500503643004767
EstimatedSalary,0.02311342958849887
