{
  "accuracy": 0.612,
  "precision_recall_f1": [
    0.35555555555555557,
    0.6201550387596899,
    0.4519774011299435
  ],
  "roc_auc": 0.66746066570551,
  "confusion_matrix": [
    [
      226,
      145
    ],
    [
      49,
      80
    ]
  ],
  "report": "              precision    recall  f1-score   support\n\n           0     0.8218    0.6092    0.6997       371\n           1     0.3556    0.6202    0.4520       129\n\n    accuracy                         0.6120       500\n   macro avg     0.5887    0.6147    0.5758       500\nweighted avg     0.7015    0.6120    0.6358       500\n"
}